{
  "$schema": "https://openapi.vercel.sh/vercel.json",
  "framework": "nextjs",
  "buildCommand": "bun run build",
  "devCommand": "bun run dev",
  "installCommand": "bun install",
  "regions": ["sin1"],
  "functions": {
    "src/app/api/**/*": {
      "memory": 1024,
      "maxDuration": 30
    }
  },
  "headers": [
    {
      "source": "/(.*)",
      "headers": [
        {
          "key": "X-Content-Type-Options",
          "value": "nosniff"
        },
        {
          "key": "X-Frame-Options",
          "value": "DENY"
        },
        {
          "key": "X-XSS-Protection",
          "value": "1; mode=block"
        }
      ]
    },
    {
      "source": "/fonts/(.*)",
      "headers": [
        {
          "key": "Cache-Control",
          "value": "public, max-age=31536000, immutable"
        }
      ]
    },
    {
      "source": "/(.*)\\.(jpg|jpeg|png|gif|ico|svg|webp)",
      "headers": [
        {
          "key": "Cache-Control",
          "value": "public, max-age=86400, stale-while-revalidate=604800"
        }
      ]
    }
  ],
  "rewrites": [
    {
      "source": "/api/:path*",
      "destination": "/api/:path*"
    }
  ]
}
